Messages,Obtain Time (ms),Obtain Std Dev,Issue Time (ms),Issue Std Dev,Show Time (ms),Show Std Dev,Verify Time (ms),Verify Std Dev,Total Time (ms)
2,0.8595907958466845,0.002434486641938308,0.7251123806158265,0.00647406525582842,2.3919395803148835,0.027825422732637,2.8991719055120937,0.010838632278413004,6.875814662289488
5,1.019499180430621,0.004944373030154076,0.7538556629913153,0.004515005731712958,2.4483087210687473,0.006942621997452381,2.9443585521870936,0.0049400681041043976,7.1660221166777776
10,1.1555739474515827,0.006355729749805561,0.7988929988269496,0.003218210173071246,2.588673643707562,0.0166895727651816,2.9886101426789082,0.010789844173926024,7.531750732665002
15,1.2946593892757243,0.00705218381507007,0.8459311860342944,0.0047268772036020736,2.7373418911233665,0.018297517212278576,3.0302778449497354,0.015034843718202122,7.908210311383121
20,1.4360716669004552,0.012459473017726342,0.8830889167923918,0.003760076715778492,2.883067770083774,0.03181352789433087,3.1188349733602365,0.03817036102104217,8.321063327136857
30,1.636399393273455,0.005555658749483231,0.9563458813435969,0.0021243828062281565,3.0554818475800265,0.016476617207991328,3.1328791655021893,0.003662483084675779,8.781106287699268
