Credentials,Prove Time (ms),Prove Std Dev,Verify Time (ms),Verify Std Dev,Total Time (ms)
2,29.96896088207672,0.370984198633453,15.22258817112434,0.039384493056633725,45.19154905320106
5,70.73385860204364,0.16819532867753906,38.0788805362963,0.0986588982339098,108.81273913833994
10,146.70512800103174,1.7134910445786289,76.46164309349206,0.4678633857329016,223.1667710945238
20,285.08582085,1.1163391861958218,154.35640331936509,1.2010407738774693,439.4422241693651
30,440.2627854,8.795980507088347,227.88910280000002,0.36053625879359974,668.1518882
