Credentials,Prove Time (ms),Prove Std Dev,Verify Time (ms),Verify Std Dev,Total Time (ms)
2,4.059377662776014,0.012950737395546036,4.860968142498928,0.005412681753069136,8.920345805274941
5,9.942890011769006,0.03347654266124927,12.159576519325396,0.04272613817458566,22.1024665310944
10,19.728254342900794,0.020735929050475298,24.320125221597223,0.03744779363163162,44.04837956449802
20,39.41740616772222,0.08225500374552067,48.15841116748015,0.10671864362359239,87.57581733520237
30,59.29908365857142,0.08908603207870647,72.0160013321561,0.0734022246806421,131.3150849907275
