Credentials,Prove Time (ms),Prove Std Dev,Verify Time (ms),Verify Std Dev,Total Time (ms)
2,2.5593543857545518,0.014615794655466445,6.079917853859788,0.019242999547481595,8.639272239614339
5,6.471740320773125,0.07091800246939274,15.193051822126323,0.05383685607880466,21.664792142899447
10,12.571747323642857,0.11997522843438212,30.266927008344673,0.05029085465673298,42.838674331987534
20,24.95126818416171,0.08330067824157919,60.01809169250001,0.08053423312751179,84.96935987666171
30,38.03084977267461,0.4407322795385544,90.32301798281746,0.43763680063321975,128.35386775549208
