Credentials,Prove Time (ms),Prove Std Dev,Verify Time (ms),Verify Std Dev,Total Time (ms)
2,4.064016509108466,0.03827841513905417,5.2467310456670955,0.16175811293936135,9.310747554775562
5,10.804101720967815,0.3119885879432556,12.428093351183861,0.07713902429859908,23.232195072151676
10,20.509422586626986,0.36571778735397453,24.534202260912696,0.12681717576520732,45.04362484753968
20,41.90935643795238,1.04907322551382,49.26795163434524,0.3002222275932677,91.17730807229762
30,61.16057243760582,0.6184997739987721,73.95796711342594,0.6195742917102366,135.11853955103174
